,regions
0,Basic cell groups and regions
1,Cerebrum
2,Cerebral cortex
3,Cortical plate
4,Isocortex
5,Frontal association cortex
6,"Frontal pole, layer 1"
7,"Frontal pole, layer 2/3"
8,"Frontal pole, layer 5"
9,motor cortex
10,Primary motor cortex
11,Primary motor cortex Layer 1
12,Primary motor cortex Layer 2/3
13,Primary motor cortex Layer 5
14,Primary motor cortex Layer 6a
15,Primary motor cortex Layer 6b
16,"Frontal cortex, area 3"
17,"Frontal cortex, area 3, layer1"
18,"Frontal cortex, area 3, layer2/3"
19,"Frontal cortex, area 3, layer5"
20,"Frontal cortex, area 3, layer6a"
21,"Frontal cortex, area 3, layer6b"
22,Secondary motor cortex
23,"Secondary motor cortex, layer 1"
24,"Secondary motor cortex, layer 2/3"
25,"Secondary motor cortex, layer 5"
26,"Secondary motor cortex, layer 6a"
27,"Secondary motor cortex, layer 6b"
28,Somatosensory cortex
29,Primary somatosensory cortex
30,Primary somatosensory cortex layer 1
31,Primary somatosensory cortex layer 2/3
32,Primary somatosensory cortex layer 4
33,Primary somatosensory cortex layer 5
34,Primary somatosensory cortex layer 6a
35,Primary somatosensory cortex layer 6b
36,"Primary somatosensory area, jaw"
37,"Primary somatosensory area, jaw, layer 1"
38,"Primary somatosensory area, jaw, layer 2/3"
39,"Primary somatosensory area, jaw, layer 4"
40,"Primary somatosensory area, jaw, layer 5"
41,"Primary somatosensory area, jaw, layer 6a"
42,"Primary somatosensory area, jaw, layer 6b"
50,"Primary somatosensory cortex, barrel field"
51,"Primary somatosensory cortex, barrel field, layer 1"
52,"Primary somatosensory cortex, barrel field, layer 2/3"
53,"Primary somatosensory cortex, barrel field, layer 4"
54,"Primary somatosensory cortex, barrel field, layer 5 "
55,"Primary somatosensory cortex, barrel field, layer 6a"
56,"Primary somatosensory cortex, barrel field, layer 6b"
57,"Primary somatosensory cortex, hindlimb region"
58,"Primary somatosensory cortex, hindlimb region, layer 1"
59,"Primary somatosensory cortex, hindlimb region, layer 2/3"
60,"Primary somatosensory cortex, hindlimb region, layer 4"
61,"Primary somatosensory cortex, hindlimb region, layer 5"
62,"Primary somatosensory cortex, hindlimb region, layer 6a"
63,"Primary somatosensory cortex, hindlimb region, layer 6b"
64,"Primary somatosensory cortex, upper lip region"
65,"Primary somatosensory cortex, upper lip region, layer 1"
66,"Primary somatosensory cortex, upper lip region, layer 2/3"
67,"Primary somatosensory cortex, upper lip region, layer 4"
68,"Primary somatosensory cortex, upper lip region, layer 5"
69,"Primary somatosensory cortex, upper lip region, layer 6a"
70,"Primary somatosensory cortex, upper lip region, layer 6b"
71,"Primary somatosensory cortex, dysgranular zone "
72,"Primary somatosensory cortex, dysgranular zone 1"
73,"Primary somatosensory cortex, dysgranular zone 2/3"
74,"Primary somatosensory cortex, dysgranular zone 4"
75,"Primary somatosensory cortex, dysgranular zone 5"
76,"Primary somatosensory cortex, dysgranular zone 6a"
77,"Primary somatosensory cortex, dysgranular zone 6b"
78,"Primary somatosensory cortex, oral dysgranular zone "
79,"Primary somatosensory cortex, oral dysgranular zone 1"
80,"Primary somatosensory cortex, oral dysgranular zone 2/3"
81,"Primary somatosensory cortex, oral dysgranular zone 4"
82,"Primary somatosensory cortex, oral dysgranular zone 5"
83,"Primary somatosensory cortex, oral dysgranular zone 6a"
84,"Primary somatosensory cortex, oral dysgranular zone 6b"
85,"Primary somatosensory cortex, shoulder region"
86,"Primary somatosensory cortex, shoulder region 1"
87,"Primary somatosensory cortex, shoulder region 2/3"
88,"Primary somatosensory cortex, shoulder region 4"
89,"Primary somatosensory cortex, shoulder region 5"
90,"Primary somatosensory cortex, shoulder region 6a"
91,"Primary somatosensory cortex, shoulder region 6b"
92,"Primary somatosensory cortex, forelimb region"
93,"Primary somatosensory cortex, forelimb region, layer 1"
94,"Primary somatosensory cortex, forelimb region, layer 2/3"
95,"Primary somatosensory cortex, forelimb region, layer 4"
96,"Primary somatosensory cortex, forelimb region, layer 5"
97,"Primary somatosensory cortex, forelimb region, layer 6a"
98,"Primary somatosensory cortex, forelimb region, layer 6b"
99,"Primary somatosensory cortex, trunk region"
100,"Primary somatosensory cortex, trunk region, layer 1"
101,"Primary somatosensory cortex, trunk region, layer 2/3"
102,"Primary somatosensory cortex, trunk region, layer 4"
103,"Primary somatosensory cortex, trunk region, layer 5"
104,"Primary somatosensory cortex, trunk region, layer 6a"
105,"Primary somatosensory cortex, trunk region, layer 6b"
106,Secondary somatosensory cortex
107,"Secondary somatosensory cortex, layer 1"
108,"Secondary somatosensory cortex, layer 2/3"
109,"Secondary somatosensory cortex, layer 4"
110,"Secondary somatosensory cortex, layer 5"
111,"Secondary somatosensory cortex, layer 6a"
112,"Secondary somatosensory cortex, layer 6b"
113,"Cingulate cortex, area 24a (infralimbic)"
114,"Cingulate cortex, area 24a (infralimbic), layer 1"
115,"Cingulate cortex, area 24a (infralimbic), layer 2/3"
116,"Cingulate cortex, area 24a (infralimbic), layer 4"
117,"Cingulate cortex, area 24a (infralimbic), layer 5"
118,"Cingulate cortex, area 24a (infralimbic), layer 6a"
119,"Cingulate cortex, area 24a (infralimbic), layer 6b"
120,Dysgranular insular cortex
121,"Dysgranular insular cortex, layer 1"
122,"Dysgranular insular cortex, layer 2/3"
123,"Dysgranular insular cortex, layer 4"
124,"Dysgranular insular cortex, layer 5"
125,"Dysgranular insular cortex, layer 6a"
126,"Dysgranular insular cortex, layer 6b"
127,Granular insular cortex
128,"Granular insular cortex, layer 1"
129,"Granular insular cortex, layer 2/3"
130,"Granular insular cortex, layer 4"
131,"Granular insular cortex, layer 5"
132,"Granular insular cortex, layer 6a"
133,"Granular insular cortex, layer 6b"
134,Auditory cortex
135,"Secondary auditory cortex, dorsal area"
136,"Secondary auditory cortex, dorsal area, layer 1"
137,"Secondary auditory cortex, dorsal area, layer 2/3"
138,"Secondary auditory cortex, dorsal area, layer 4"
139,"Secondary auditory cortex, dorsal area, layer 5"
140,"Secondary auditory cortex, dorsal area, layer 6a"
141,"Secondary auditory cortex, dorsal area, layer 6b"
142,Primary auditory cortex
143,"Primary auditory cortex, layer 1"
144,"Primary auditory cortex, layer 2/3"
145,"Primary auditory cortex, layer 4"
146,"Primary auditory cortex, layer 5"
147,"Primary auditory cortex, layer 6a"
148,"Primary auditory cortex, layer 6b"
156,"Secondary auditory cortex, ventral area"
157,"Secondary auditory cortex, ventral area, layer 1"
158,"Secondary auditory cortex, ventral area, layer 2/3"
159,"Secondary auditory cortex, ventral area, layer 4"
160,"Secondary auditory cortex, ventral area, layer 5"
161,"Secondary auditory cortex, ventral area, layer 6a"
162,"Secondary auditory cortex, ventral area, layer 6b"
163,Visual cortex
164,"Secondary visual cortex, lateral area"
165,"Secondary visual cortex, lateral area, anterior region"
166,"Secondary visual cortex, lateral area, anterior region, layer1"
167,"Secondary visual cortex, lateral area, anterior region, layer2/3"
168,"Secondary visual cortex, lateral area, anterior region, layer4"
169,"Secondary visual cortex, lateral area, anterior region, layer5"
170,"Secondary visual cortex, lateral area, anterior region, layer6a"
171,"Secondary visual cortex, lateral area, anterior region, layer6b"
172,"Secondary visual cortex, lateral area, intermediate region"
173,"Secondary visual cortex, lateral area, intermediate region, layer1"
174,"Secondary visual cortex, lateral area, intermediate region, layer2/3"
175,"Secondary visual cortex, lateral area, intermediate region, layer4"
176,"Secondary visual cortex, lateral area, intermediate region, layer5"
177,"Secondary visual cortex, lateral area, intermediate region, layer6a"
178,"Secondary visual cortex, lateral area, intermediate region, layer6b"
179,"Secondary visual cortex, lateral area, posterior region"
180,"Secondary visual cortex, lateral area, posterior region, layer1"
181,"Secondary visual cortex, lateral area, posterior region, layer2/3"
182,"Secondary visual cortex, lateral area, posterior region, layer4"
183,"Secondary visual cortex, lateral area, posterior region, layer15"
184,"Secondary visual cortex, lateral area, posterior region, layer6a"
185,"Secondary visual cortex, lateral area, posterior region, layer6b"
186,"Secondary Visual Cortex, Medial area"
187,"Secondary visual cortex, mediolateral area"
188,"Secondary visual cortex, mediolateral area, layer1"
189,"Secondary visual cortex, mediolateral area, layer2/3"
190,"Secondary visual cortex, mediolateral area, layer4"
191,"Secondary visual cortex, mediolateral area, layer5"
192,"Secondary visual cortex, mediolateral area, layer6a"
193,"Secondary visual cortex, mediolateral area, layer6b"
194,"Secondary visual cortex, mediomedial area, anterior region"
195,"Secondary visual cortex, mediomedial area, anterior region, layer1"
196,"Secondary visual cortex, mediomedial area, anterior region, layer2/3"
197,"Secondary visual cortex, mediomedial area, anterior region, layer4"
198,"Secondary visual cortex, mediomedial area, anterior region, layer5"
199,"Secondary visual cortex, mediomedial area, anterior region, layer6a"
200,"Secondary visual cortex, mediomedial area, anterior region, layer6b"
201,"Secondary visual cortex, mediomedial area, posterior region"
202,"Secondary visual cortex, mediomedial area, posterior region, layer1"
203,"Secondary visual cortex, mediomedial area, posterior region, layer2/3"
204,"Secondary visual cortex, mediomedial area, posterior region, layer4"
205,"Secondary visual cortex, mediomedial area, posterior region, layer5"
206,"Secondary visual cortex, mediomedial area, posterior region, layer6a"
207,"Secondary visual cortex, mediomedial area, posterior region, layer6b"
208,Primary visual cortex
209,"Primary visual cortex, layer1"
210,"Primary visual cortex, layer2/3"
211,"Primary visual cortex, layer4"
212,"Primary visual cortex, layer5"
213,"Primary visual cortex, layer6a"
214,"Primary visual cortex, layer6b"
215,"Primary visual cortex, monocular area"
216,"Primary visual cortex, monocular area, layer1"
217,"Primary visual cortex, monocular area, layer2/3"
218,"Primary visual cortex, monocular area, layer4"
219,"Primary visual cortex, monocular area, layer5"
220,"Primary visual cortex, monocular area, layer6a"
221,"Primary visual cortex, monocular area, layer16b"
222,"Primary visual cortex, binocular area"
223,"Primary visual cortex, binocular area, layer1"
224,"Primary visual cortex, binocular area, layer2/3"
225,"Primary visual cortex, binocular area, layer4"
226,"Primary visual cortex, binocular area, layer5"
227,"Primary visual cortex, binocular area, layer6a"
228,"Primary visual cortex, binocular area, layer6b"
229,Cingulate cortex
230,"Cingulate cortex, area 24b "
231,"Cingulate cortex, area 24b, layer1"
232,"Cingulate cortex, area 24b, layer2/3"
233,"Cingulate cortex, area 24b, layer5"
234,"Cingulate cortex, area 24b, layer6a"
235,"Cingulate cortex, area 24b, layer6b"
236,"Cingulate cortex, area 24b2"
237,"Cingulate cortex, area 24b2, layer1"
238,"Cingulate cortex, area 24b2, layer2/3"
239,"Cingulate cortex, area 24b2, layer5"
240,"Cingulate cortex, area 24b2, layer6a"
241,"Cingulate cortex, area 24b2, layer6b"
242,"Cingulate cortex, area 24a2"
243,"Cingulate cortex, area 24a2, layer1"
244,"Cingulate cortex, area 24a2, layer2/3"
245,"Cingulate cortex, area 24a2, layer5"
246,"Cingulate cortex, area 24a2, layer6a"
247,"Cingulate cortex, area 24a2, layer6b"
248,"Cingulate cortex, area 32 (Prelimbic cortex)"
249,"Cingulate cortex, area 32 (Prelimbic cortex), layer1"
250,"Cingulate cortex, area 32 (Prelimbic cortex), layer2"
251,"Cingulate cortex, area 32 (Prelimbic cortex), layer2/3"
252,"Cingulate cortex, area 32 (Prelimbic cortex), layer5"
253,"Cingulate cortex, area 32 (Prelimbic cortex), layer6a"
254,"Cingulate cortex, area 32 (Prelimbic cortex), layer6b"
255,Orbital cortex
256,Lateral orbital cortex
257,"Lateral orbital cortex, layer1"
258,"Lateral orbital cortex, layer2/3"
259,"Lateral orbital cortex, layer5"
260,"Lateral orbital cortex, layer6a"
261,"Lateral orbital cortex, layer6b"
262,Medial orbital cortex
263,"Medial orbital cortex, layer1"
264,"Medial orbital cortex, layer2/3"
265,"Medial orbital cortex, layer5"
266,"Medial orbital cortex, layer6a"
267,"Medial orbital cortex, layer6b"
268,Ventral orbital cortex
269,"Orbital cortex, ventral part, layer 1"
270,"Orbital cortex, ventral part, layer 2/3"
271,"Orbital cortex, ventral part, layer 5"
272,"Orbital cortex, ventral part, layer 6a"
273,"Orbital cortex, ventral part, layer 6b"
280,Agranular insular cortex
281,"Agranular insular cortex, layer 1"
282,"Agranular insular cortex, layer 2/3"
283,"Agranular insular cortex, layer 5"
284,"Agranular insular cortex, dorsal part"
285,"Agranular insular cortex, dorsal part, layer1"
286,"Agranular insular cortex, dorsal part, layer2/3"
287,"Agranular insular cortex, dorsal part, layer5"
288,"Agranular insular cortex, dorsal part, layer6a"
289,"Agranular insular cortex, dorsal part, layer6b"
290,Dorsolateral orbital cortex
291,"Dorsolateral orbital cortex, layer 1"
292,"Dorsolateral orbital cortex, layer 2/3"
293,Dorsolateral orbital cortex layer 5
294,Dorsolateral orbital cortex layer 6a
295,Dorsolateral orbital cortex layer 6b
296,"Agranular insular cortex, posterior part"
297,"Agranular insular cortex, posterior part, layer1"
298,"Agranular insular cortex, posterior part, layer2/3"
299,"Agranular insular cortex, posterior part, layer5"
300,"Agranular insular cortex, posterior part, layer6a"
301,"Agranular insular cortex, posterior part, layer6b"
302,"Agranular insular cortex, ventral part"
303,"Agranular insular cortex, ventral part, layer1"
304,"Agranular insular cortex, ventral part, layer2/3"
305,"Agranular insular cortex, ventral part, layer5"
306,"Agranular insular cortex, ventral part, layer6a"
307,"Agranular insular cortex, ventral part, layer6b"
308,"Cingulate cortex, area 29 and 30 (retrosplenial cortex)"
315,"Cingulate cortex, area 30 (Retrosplenial dysgranular cortex)"
316,"Cingulate cortex, area 30 (Retrosplenial dysgranular cortex), layer1"
317,"Cingulate cortex, area 30 (Retrosplenial dysgranular cortex), layer2/3"
318,"Cingulate cortex, area 30 (Retrosplenial dysgranular cortex), layer4"
319,"Cingulate cortex, area 30 (Retrosplenial dysgranular cortex), layer5"
320,"Cingulate cortex, area 30 (Retrosplenial dysgranular cortex), layer6a"
321,"Cingulate cortex, area 30 (Retrosplenial dysgranular cortex), layer6b"
322,"Cingulate cortex, area 29 (Retrosplenial granular cortex)"
323,"Cingulate cortex, area 29c (Retrosplenial granular cortex c)"
324,"Cingulate cortex, area 29c (Retrosplenial granular cortex c), layer1"
325,"Cingulate cortex, area 29c (Retrosplenial granular cortex c), layer2"
326,"Cingulate cortex, area 29c (Retrosplenial granular cortex c), layer2/3"
327,"Cingulate cortex, area 29c (Retrosplenial granular cortex c), layer5"
328,"Cingulate cortex, area 29c (Retrosplenial granular cortex c), layer6a"
329,"Cingulate cortex, area 29c (Retrosplenial granular cortex c), layer6b"
330,"Cingulate cortex, area 29b (Retrosplenial granular cortex b)"
331,"Cingulate cortex, area 29b (Retrosplenial granular cortex b), layer1"
332,"Cingulate cortex, area 29b (Retrosplenial granular cortex b), layer2/3"
333,"Cingulate cortex, area 29b (Retrosplenial granular cortex b), layer5"
334,"Cingulate cortex, area 29b (Retrosplenial granular cortex b), layer6a"
335,"Cingulate cortex, area 29b (Retrosplenial granular cortex b), layer6b"
336,"Cingulate cortex, area 29a (Retrosplenial granular cortex a)"
337,"Cingulate cortex, area 29a (Retrosplenial granular cortex a), layer1"
338,"Cingulate cortex, area 29a (Retrosplenial granular cortex a), layer2/3"
339,"Cingulate cortex, area 29a (Retrosplenial granular cortex a), layer5"
340,"Cingulate cortex, area 29a (Retrosplenial granular cortex a), layer6a"
341,"Cingulate cortex, area 29a (Retrosplenial granular cortex a), layer6b"
342,parietal association cortex
349,Medial parietal association cortex
350,"Medial parietal association cortex, layer 1"
351,"Medial parietal association cortex, layer 2/3"
352,"Medial parietal association cortex, layer 4"
353,"Medial parietal association cortex, layer 5"
354,"Medial parietal association cortex, layer 6a"
355,"Medial parietal association cortex, layer 6b"
356,Lateral parietal association cortex
357,"Lateral parietal association cortex, layer 1"
358,"Lateral parietal association cortex, layer 2/3"
359,"Lateral parietal association cortex, layer 4"
360,"Lateral parietal association cortex, layer 5"
361,"Lateral parietal association cortex, layer 6a"
362,"Lateral parietal association cortex, layer 6b"
363,"parietal cortex, posterior area, dorsal part"
364,"Parietal cortex, posterior area, dorsal part, layer1"
365,"Parietal cortex, posterior area, dorsal part, layer2/3"
366,"Parietal cortex, posterior area, dorsal part, layer4"
367,"Parietal cortex, posterior area, dorsal part, layer5"
368,"Parietal cortex, posterior area, dorsal part, layer6a"
369,"Parietal cortex, posterior area, dorsal part, layer6b"
370,Temporal association cortex
371,"Temporal association cortex, layer1"
372,"Temporal association cortex, layer2/3"
373,"Temporal association cortex, layer4"
374,"Temporal association cortex, layer5"
375,"Temporal association cortex, layer6a"
376,"Temporal association cortex, layer6b"
377,Perihinal cortex
378,"Perihinal cortex, layer6a"
379,"Perihinal cortex, layer6b"
380,"Parietal cortex, posterior area, rostral part"
381,"Parietal cortex, posterior area, rostral part, layer1"
382,"Parietal cortex, posterior area, rostral part, layer2/3"
383,"Parietal cortex, posterior area, rostral part, layer4"
384,"Parietal cortex, posterior area, rostral part, layer5"
385,"Parietal cortex, posterior area, rostral part, layer6a"
386,"Parietal cortex, posterior area, rostral part, layer6b"
387,"Perihinal cortex, layer1"
388,"Perihinal cortex, layer5"
389,"Perihinal cortex, layer2/3"
390,Ectorhinal cortex
391,"Ectorhinal cortex, layer1"
392,"Ectorhinal cortex, layer2/3"
393,"Ectorhinal cortex, layer5"
394,"Ectorhinal cortex, layer6a"
395,"Ectorhinal cortex, layer6b"
396,Olfactory areas
397,Main olfactory bulb
398,Glomerular layer of the olfactory bulb
399,Granule cell layer of the olfactory bulb
400,Internal plxiform layer of the olfactory bulb
401,Mitral cell layer of the olfactory bulb
402,External plexiform layer of the olfactory bulb
403,Accessory olfactory bulb
404,Glomerular layer of the accessory olfactory bulb
405,Granule cell layer of the accessory olfactory bulb
406,Mitral cell layer of the accessory olfactory bulb
407,External plexiform layer of the accessory olfactory b
408,Anterior olfactory area
409,Anterior olfactory area dorsal part
410,Anterior olfactory area external part
411,Anterior olfactory area lateral part
412,Anterior olfactory area medial part
413,"Anterior olfactory area, posteroventral part"
414,"Anterior olfactory area, ventral part"
415,"Anterior olfactory area, posterior part"
416,Anterior olfactory area layer 1
417,Anterior olfactory area layer 2
418,Taenia tecta
419,Dorsal tenia tecta
420,"Dorsal tenia tecta, layer 1"
421,"Dorsal tenia tecta, layer 2"
422,"Dorsal tenia tecta, layer 3"
423,"Dorsal tenia tecta, layer 4"
424,Ventral tenia tecta
425,"Ventral tenia tecta, layer 1"
426,"Ventral tenia tecta, layer 2"
427,"Ventral tenia tecta, layer 3"
428,"Cingulate cortex, area 25 (dorsal peduncular cortex)"
429,"Cingulate cortex, area 25 (dorsal peduncular cortex), layer1"
430,"Cingulate cortex, area 25 (dorsal peduncular cortex), layer2"
431,"Cingulate cortex, area 25 (dorsal peduncular cortex), layer2/3"
432,"Cingulate cortex, area 25 (dorsal peduncular cortex), layer5"
433,"Cingulate cortex, area 25 (dorsal peduncular cortex), layer6a"
434,Dorsal transition zone
435,Piriform cortex
436,Piriform cortex 1
437,Piriform cortex 2
438,Piriform cortex 3
439,Cortex-amygdala transition zone
440,Cortex-amygdala transition zone Layer1
441,Cortex-amygdala transition zone Layer2
442,Cortex-amygdala transition zone Layer3
443,Nucleus of the lateral olfactory tract
444,Nucleus of the lateral olfactory tract 1
445,Nucleus of the lateral olfactory tract 2
446,Nucleus of the lateral olfactory tract 3
447,cortical amygdaloid nucleus
448,Anterior cortical amygdaloid nucleus
449,"Anterior cortical amygdaloid nucleus, layer1"
450,"Anterior cortical amygdaloid nucleus, layer2"
451,"Anterior cortical amygdaloid nucleus, layer3"
452,Posterior cortical amygdaloid area
453,Posterolateral cortical amygdaloid area
454,Posterolateral cortical amygdaloid area 1
455,Posterolateral cortical amygdaloid area 2
456,Posterolateral cortical amygdaloid area 3
457,Posteromedial cortical amygdaloid area
458,Posteromedial cortical amygdaloid area 1
459,Posteromedial cortical amygdaloid area 2
460,Posteromedial cortical amygdaloid area 3
461,Rostral amygdalopiriform area
462,Rostral amygdalopiriform area 1
463,Rostral amygdalopiriform area 2
464,Rostral amygdalopiriform area 3
465,Amygdalopiriform transition area
466,"Postpiriform transition area, layers 1"
467,"Postpiriform transition area, layers 2"
468,"Postpiriform transition area, layers 3"
469,Hippocampal formation
470,Hippocampal region
471,"'""Ammon''s horn""'"
472,Field CA1 of the hippocampus
473,Field CA1 of the hippocampus- lacunosum moleculare layer of the hippocampus
474,Field CA1 of the hippocampus- oriens layer of the hippocampus
475,Field CA1 of the hippocampus- pyramidal layer of the hippocampus
476,Field CA1 of the hippocampus- radiatum layer of the hippocampus
477,Field CA2 of the hippocampus
478,Field CA2 of the hippocampus- lacunosum moleculare layer of the hippocampus
479,Field CA2 of the hippocampus- oriens layer of the hippocampus
480,Field CA2 of the hippocampus- pyramidal layer of the hippocampus
481,Field CA2 of the hippocampus- radiatum layer of the hippocampus
482,Field CA3 of the hippocampus
483,Field CA3 of the hippocampus- lacunosum moleculare layer of the hippocampus
484,Field CA3 of the hippocampus- stratum lucidum of the hippocampus
485,Field CA3 of the hippocampus- oriens layer of the hippocampus
486,Field CA3 of the hippocampus- pyramidal layer of the hippocampus
487,Field CA3 of the hippocampus- radiatum layer of the hippocampus
488,Dentate gyrus
489,Molecular layer of the dentate gyrus
490,Polymorph layer of the dentate gyrus
491,Granule cell layer of the dentate gyrus
505,Fasciola cinereum
506,Induseum griseum
507,Retrohippocampal region
508,Entorhinal area
509,Dorsolateral entorhinal cortex
510,"Dorsolateral entorhinal cortex, layer 1"
511,"Dorsolateral entorhinal cortex, layer 2"
512,"Dorsolateral entorhinal cortex, layer 2/3"
513,"Dorsolateral entorhinal cortex, layer 2a"
514,"Dorsolateral entorhinal cortex, layer 2b"
515,"Dorsolateral entorhinal cortex, layer 3"
516,"Dorsolateral entorhinal cortex, layer 4"
517,"Dorsolateral entorhinal cortex, layer 4/5"
518,"Dorsolateral entorhinal cortex, layer 5"
519,"Dorsolateral entorhinal cortex, layer 5/6"
520,"Dorsolateral entorhinal cortex, layer 6a"
521,"Dorsolateral entorhinal cortex, layer 6b"
522,Dorsal intermediate entorhinal cortex
523,"Dorsal intermediate entorhinal cortex, layer 1"
524,"Dorsal intermediate entorhinal cortex, layer 2"
525,"Dorsal intermediate entorhinal cortex, layer 2a"
526,"Dorsal intermediate entorhinal cortex, layer 2b"
527,"Dorsal intermediate entorhinal cortex, layer 2/3"
528,"Dorsal intermediate entorhinal cortex, layer 3"
529,"Dorsal intermediate entorhinal cortex, layer 4"
530,"Dorsal intermediate entorhinal cortex, layer 5"
531,"Dorsal intermediate entorhinal cortex, layer 5/6"
532,"Dorsal intermediate entorhinal cortex, layer 6"
533,Ventral intermediate entorhinal cortex
534,"Ventral intermediate entorhinal cortex, layer 1"
535,"Ventral intermediate entorhinal cortex, layer 2"
536,"Ventral intermediate entorhinal cortex, layer 3"
537,"Ventral intermediate entorhinal cortex, layer 4"
538,"Ventral intermediate entorhinal cortex, layer 5/6"
539,Medial entorhinal cortex
540,"Medial entorhinal cortex, layer 1"
541,"Medial entorhinal cortex, layer 2"
542,"Medial entorhinal cortex, layer 3"
543,"Medial entorhinal cortex, layer 5"
544,"Medial entorhinal cortex, layer 6"
545,Caudomedial entothinal cortex
546,"Caudomedial entothinal cortex, layer 1"
547,"Caudomedial entothinal cortex, layer 2"
548,"Caudomedial entothinal cortex, layer 3"
549,"Caudomedial entothinal cortex, layer 5"
550,"Caudomedial entothinal cortex, layer 6"
551,Parasubiculum
552,"Parasubiculum, layer 1"
553,"Parasubiculum, layer 2"
554,"Parasubiculum, layer 3"
555,Postsubiculum
556,"Postsubiculum, layer 1"
557,"Postsubiculum, layer 2"
558,"Postsubiculum, layer 3"
559,Presubiculum
560,"Presubiculum, layer 1"
561,"Presubiculum, layer 2"
562,"Presubiculum, layer 3"
563,Subiculum
564,Dorsal subiculum
565,"Dorsal subiculum, molecular layer"
566,"Dorsal subiculum, pyramidal layer"
567,"Dorsal subiculum, stratum radiatum"
568,Ventral subiculum
569,"Ventral subiculum, molecular layer"
570,"Ventral subiculum, pyramidal layer"
571,"Ventral subiculum, stratum radiatum"
572,"Subiculum, transition area"
573,"Subiculum, transition area, molecular layer"
574,"Subiculum, transition area, pyramidal layer"
575,"Subiculum, transition area, stratum radiatum"
576,Cortical subplate
577,"Layer 6b, isocortex"
578,Claustrum
579,Dorsal claustrum
580,Ventral claustrum
581,Endopiriform nucleus
582,Dorsal endopiriform nucleus
583,Ventral endopiriform nucleus
584,Intermediate endopiriform claustrum
585,Retroendopiriform nucleus 
586,Lateral amygdaloid nucleus
587,"Lateral amygdaloid nucleus, dorsolateral part"
588,"Lateral amygdaloid nucleus, ventrolateral part"
589,"Lateral amygdaloid nucleus, ventromedial part"
590,Basolateral amygdalar nucleus
591,"Basolateral amygdaloid nucleus, anterior part"
592,"Basolateral amygdaloid nucleus, posterior part"
593,"Basolateral amygdaloid nucleus, ventral part"
594,Basomedial amygdalar nucleus
595,"Basomedial amygdaloid nucleus, anterior part"
596,"Basomedial amygdaloid nucleus, posterior part"
597,Amygdalohippocampal area
598,"Amygdalohippocampal area, anterolateral part"
599,"Amygdalohippocampal area, posteromedial part"
600,"Amygdalohippocampal area, posterolateral"
601,Cerebral nuclei
602,Striatum
603,Striatum dorsal region
604,Caudate Putamen 
605,Striatum ventral region
606,Accumbens nucleus
607,Interstitial nucleus of the posterior limb of the anterior commissure
608,"Interstitial nucleus of the posterior limb of the anterior commissure, medial part"
609,"Interstitial nucleus of the posterior limb of the anterior commissure, lateral part"
610,Olfactory tubercle
611,Island of Calleja
612,Olfactory tubercle 1 
613,Olfactory tubercle 2
614,Olfactory tubercle 3
615,Navicular nucleus of the basal forebrain
616,Lateral septal complex
617,Lateral septal nucleus
618,"Lateral septal nucleus, dorsal part"
619,"Lateral septal nucleus, intermediate part"
620,"Lateral septal nucleus, ventral part"
621,Zona limitans
622,Septofimbrial nucleus
623,Septohippocampal nucleus
624,Septohypothalamic nucleus
625,Striatum-like amygdalar nuclei
626,Anterior amygdaloid area
627,Bed nucleus of the accessory olfactory tract
628,Central amygdalar nucleus
629,"Central amygdaloid nucleus, capsular part"
630,"Central amygdaloid nucleus, lateral part"
631,"Central amygdaloid nucleus, medial part"
632,Intercalated nuclei of the amygdala
633,"Intercalated amygdalar nucleus, main part"
634,Medial amygdaloid nucleus
635,"Medial amygdaloid nucleus, anterodorsal part"
636,"Medial amygdaloid nucleus, anterventral part"
637,"Medial amygdaloid nucleus, posterodorsal part"
641,"Medial amygdaloid nucleus, posteroventral part"
642,Pallidum
644,Globus pallidus
645,Entopeduncular nucleus
646,Ventral pallidum
647,Substantia innominata
648,"Substantia innominata, basal part"
649,Extension of the amygdala
650,Cell bridges of the ventral striatum
651,Magnocellular nucleus
652,Basal nucleus (Meynert)
653,"Pallidum, medial region"
654,Medial septal complex
655,Medial septal nucleus
656,Lambdoid septal zone
657,Diagonal band nucleus
658,Nucleus of the vertical limb of the diagonal band
659,Lateral nucleus of the diagnoal band
660,Nucleus of the horizontal limb of the diagonal band
661,Triangular septal nucleus
662,"Pallidum, caudal region"
663,Nucleus of stria medullaris
664,Bed nuclei of the stria terminalis
665,"Bed nuclei of the stria terminalis, anterior division"
666,"Bed nucleus of the stria terminalis, medial division, anterolateral part"
667,"Bed nucleus of the stria terminalis, medial division, anterior part"
669,"Bed nuclei of the stria terminalis, fusiform nucleus"
670,"Bed nucleus of the stria terminalis, lateral division, juxtacapsular part"
672,"Bed nucleus of the stria terminalis, lateral division, dorsal part"
674,"Bed nucleus of the stria terminalis, medial division, posterolateral part"
675,"Bed nuclei of the stria terminalis, medial division"
676,"Bed nucleus of the stria terminalis, medial division, ventral part"
677,"Bed nucleus of the stria terminalis, medial division, posteromedial part"
678,"Bed nuclei of the stria terminalis, posterior division"
680,"Bed nucleus of the stria terminalis, medial division, anteromedial part"
681,"Bed nucleus of the stria terminalis, medial division, posterointermediate part"
684,"Bed nuclei of the stria terminialis, lateral division"
685,"Bed nuclus of the stria terminalis, lateral division, posterior part"
686,"Bed nucleus of the stria terminalis, lateral division, ventral part "
687,"Bed nucleus of the stria terminalis, lateral division, intermediate part"
688,"Bed nucleus of the stria terminalis, intraamygdaloid"
689,Bed nucleus of the anterior commissure
690,Cerebellum
691,Cerebellar cortex
692,Vermal regions
693,Lobule 1 of the cerebellar vermis
694,"Lobule 1 of the cerebellar vermis, molecular layer"
696,"Lobule 1 of the cerebellar vermis, granular layer"
698,Lobule 2 of the cerebellar vermis
699,"Lobule 2 of the cerebellar vermis, molecular layer"
701,"Lobule 2 of the cerebellar vermis, granular layer"
702,Lobule 3 of the cerebellar vermis
703,"Lobule 3 of the cerebellar vermis, molecular layer"
705,"Lobule 3 of the cerebellar vermis, granular layer"
706,Culmen
707,Lobule 4 of the cerebellar vermis
711,Lobule 5 of the cerebellar vermis
715,Lobules 4 and 5 of the cerebellar vermis
716,"Lobules 4 and 5 of the cerebellar vermis, molecular layer"
718,"Lobules 4 and 5 of the cerebellar vermis, granular layer"
719,Lobule 6 of the cerebellar vermis
720,"Lobule 6 of the cerebellar vermis, molecular layer"
722,"Lobule 6 of the cerebellar vermis, granular layer"
723,Lobule 7 of the cerebellar vermis
724,"Lobule 7 of the cerebellar vermis, molecular layer"
726,"Lobule 7 of the cerebellar vermis, granular layer"
727,Lobule 8 of the cerebellar vermis
728,"Lobule 8 of the cerebellar vermis, molecular layer"
730,"Lobule 8 of the cerebellar vermis, granular layer"
731,Lobule 9 of the cerebellar vermis
732,"Lobule 9 of the cerebellar vermis, molecular layer"
734,Lobule 9 of the cerebellar vermis
735,Lobule 10 of the cerebellar vermis
736,"Lobule 10 of the cerebellar vermis, molecular layer"
738,"Lobule 10 of the cerebellar vermis, granular layer"
739,Hemispheric regions
740,Simple lobule
741,"Simple lobule, molecular layer"
743,"Simple lobule, granular layer"
745,Crus 1 of the ansiform lobule
746,"Crus 1 of the ansiform lobule, molecular layer"
748,"Crus 1 of the ansiform lobule, granular layer"
749,Crus 2 of the ansiform lobule
750,"Crus 2 of the ansiform lobule, molecular layer"
752,"Crus 2 of the ansiform lobule, granular layer"
753,Paramedian lobule
754,"Paramedian lobule, molecular layer"
756,"Paramedian lobule, granular layer"
757,Copula of the pyramis
758,"Copula of the pyramis, molecular layer"
760,"Copula of the pyramis, granular layer"
761,Paraflocculus
762,"Paraflocculus, molecular layer"
764,"Paraflocculus, granular layer"
765,Flocculus
766,"Flocculus, molecular layer"
768,"Flocculus, granular layer"
772,Cerebellar nuclei
773,Medial cerebellar nucleus
774,"Medial cerebellar nucleus, dorsolateral protuberance"
775,"Medial cerebellar nucleus, lateral part"
776,Interposed cerebellar nucleus
777,"Interposed cerebellar nucleus, anterior part"
778,"Interposed cerebellar nucleus, dorsolateral hump"
779,"Interposed cerebellar nucleus, posterior part"
780,"Interposed cerebellar nucleus, posterior parvicellular"
781,Dentate nucleus 
782,Lateral (dentate) cerebellar nucleus
783,"Lateral cerebellar nucleus, parvicellular part"
784,Brain stem
785,Interbrain
786,Thalamus
787,Periventricular gray 
788,"Thalamus, sensory-motor cortex related"
789,Ethmoid thalamic nucleus
790,Retroethmoid nucleus
791,Scaphoid thalamic nucleus
792,Posterior intralaminar thalamic nucleus
793,Ventral group thalamic nucleus
794,Ventrolateral thalamic nucleus
795,Ventral anterior thalamic nucleus
796,Ventromedial thalamic nucleus
797,Ventral posterior thalamic nucleus
798,Ventral posterolateral thalamic nucleus
799,Ventral posteromedial thalamic nucleus
800,"Ventral posteromedial nucleus of the thalamus, dorsal part"
801,"Ventral posteromedial nucleus of the thalamus, ventral part"
802,"Ventral posterior nucleus of the thalamus, parvicellular"
805,Subparafascicular thalamic nucleus
807,"Subparafascicular thalamic nucleus, parvicellular part"
809,Peripeduncular nucleus
810,Subbrachial nucleus
811,Geniculate group of the thalamus
812,Medial geniculate nucleus
813,"Medial geniculate nucleus, dorsal part"
814,"Medial geniculate nucleus, ventral part"
815,"Medial geniculate nucleus, medial part"
816,Marginal zone of the medial geniculate
817,Dorsal lateral geniculate nucleus
818,"Thalamus, polymodal association cortex related"
819,Lateral group of the dorsal thalamus
820,Lateral posterior thalamic nucleus
821,"Lateral posterior thalamic nucleus, mediorostral part"
822,"Lateral posterior thalamic nucleus, mediocaudal part"
823,"Lateral posterior thalamic nucleus, laterorostral part"
824,"Lateral posterior thalamic nucleus, laterocaudal part"
825,Intramedullary thalamic area
826,Posterior thalamic nuclear group
827,Angular thalamic nucleus
828,"Posterior thalamic nuclear group, triangular part"
829,Posterior limitans thalamic nucleus
830,Suprageniculate thalamic nucleus
831,Anterior group of the dorsal thalamus
832,Anteroventral thalamic nucleus
833,"Anteroventral thalamic nucleus, ventrolateral part"
834,"Anterovent thalamic nucleus, dorsomedial part"
835,Anteromedial thalamic nucleus
837,"Anteromedial thalamic nucleus, ventral part"
838,Anterodorsal thalamic nucleus
839,Interanteromedial thalamic nucleus
840,Interanterodorsal thalamic nucleus
841,Lateral dorsal nucleus of thalamus
842,"Laterodorsal thalamic nucleus, ventrolateral part"
843,"Laterodorsal thalamic nucleus, dorsomedial part"
844,Medial group of the dorsal thalamus
845,Intermediodorsal thalamic nucleus
846,Posteromedian thalamic nucleus
847,Mediodorsal thalamic nucleus
848,"Mediodorsal thalamic nucleus, central part"
849,"Mediodorsal thalamic nucleus, lateral part "
850,"Mediodorsal thalamic nucleus, medial part"
851,Submedius thalamic nucleus
852,"Submedius thalamic nucleus, dorsal part"
853,"Submedius thalamic nucleus, ventral part"
855,Midline group of the dorsal thalamus
856,Paraventricular nucleus of the thalamus
857,"Paraventricular thalamic nucleus, anterior part"
858,"Paraventricular thalamic nucleus, posterior part"
859,Parataenial thalamic nucleus
860,Xiphoid thalamic nucleus
861,Paraxiphoid nucleus of thalamus
862,Accessory neuosecretory nuclei
863,Reuniens area
864,Reuniens thalamic nucleus
865,Retrouniens area
866,Ventral reuniens thalamic nucleus
867,Intralaminar nuclei of the dorsal thalamus
868,Rhomboid thalamic nucleus
869,Central medial thalamic nucleus
870,Paracentral thalamic nucleus
871,Oval paracentral thalamic nucleus
872,Centrolateral thalamic nucleus
873,Parafascicular thalamic nucleus
874,Reticular nucleus (prethalamus)
875,"Geniculate group, ventral thalamus"
876,Intergeniculate leaflet
877,Pregeniculate nucleus of the prethalamus
878,"Pregeniculate nucleus, magnocellular part"
879,"Pregeniculate nucleus, parvicellular part"
882,Subgeniculate nucleus of the prethalamus
883,Epithalamus
884,Medial habenular nucleus
885,Lateral habenular nucleus
886,"Lateral habenular nucleus, medial part"
887,"Lateral habenular nucleus, lateral part"
888,Pineal gland
889,Hypothalamus
890,Periventricular zone
891,Supraoptic nucleus
892,"Supraoptic nucleus, retrochiasmatic part"
893,Episupraoptic nucleus
894,Accessory supraoptic group
895,Circulur nucleus
896,"Paraventricular thalamic nucleus, anterior part"
897,"Paraventricular hypothalamic nucleus, magnocellular division"
899,"Paraventricular hypothalamic nucleus, medial magnocellular part"
901,"Paraventricular hypothalamic nucleus, lateral magnocellular part"
902,"Paraventricular hypothalamic nucleus, posterior part"
903,"Paraventricular hypothalamic nucleus, parvicellular division"
904,"Paraventricular hypothalamic nucleus, anterior parivcellular part"
905,Anterior perifornical nucleus
906,"Paraventricular hypothalamic nucleus, medial parvicellular part"
908,"Paraventricular hypothalamic nucleus, ventral part"
910,Arcuate hypothalamic nucleus
911,"Arcuate hypothalamic nucleus, dorsal part"
912,"Arcuate hypothalamic nucleus, lateral part"
913,"Arcuate hypothalamic nucleus, lateroposterior part"
914,"Arcuate hypothalamic nucleus, medial part"
915,"Arcuate hypothalamic nucleus, medial posterior part"
916,Periventricular region
920,Anteroventral periventricular nucleus
921,Dorsomedial hypothalamic nucleus
922,"Dorsomedial hypothalamic nucleus, dorsal part"
923,"Dorsomedial hypothalamic nucleus, compact part"
924,"Dorsomedial hypothalamic nucleus, ventral part"
925,"Dorsomedial nucleus of the hypothalamus, anterior part"
926,Median preoptic nucleus
927,DA14 Dopamine Cells
928,Medial preoptic area
929,Strial part of the preoptic area
930,Striohypothalamic nucleus
931,Anterior commissural nucleus
932,Vascular organ of the lamina terminalis
933,Posterodorsal preoptic nucleus
934,Parastrial nucleus
937,Periventricular hypothalamic nucleus
938,Subparaventricular zone of the hypothalamus
939,Suprachiasmatic nucleus
940,"Suprachiasmatic nucleus, dorsolateral part"
941,"Suprachiasmatic nucleus, ventromedial part"
942,Subfornical organ
943,Ventromedidal preoptic nucleus
944,Ventrolateral preoptic nucleus
945,Hypothalamic medial zone
946,Anterior hypothalamic nucleus
947,"Anterior hypothalamic area, anterior part"
948,"Anterior hypothalamic area, central part"
950,"Anterior hypothalamic area, posterior part"
951,Lateroanterior hypothalamic nucleus
952,Stigmoid hypothalamic nucleus
953,Mammillary body
954,Lateral mamilllary nucleus
955,"Medial mammillary nucleus, medial part"
956,Mammillary recess of the 3rd ventricle
957,"Medial mammillary nucleus, lateral part"
958,"Medial mammillary nucleus, median part"
959,Retromamillary nucleus
960,"Retromamillary nucleus, lateral part"
961,"Retromamillary nucleus, medial part"
962,Tuberomammillary nucleus
963,Dorsal tuberomammillary nucleus
964,Ventral tuberomammillary nucleus
965,Medial preoptic nucleus
967,"Medial preoptic nucleus, lateral part"
968,"Medial preoptic nucleus, medial part"
969,"Premamillary nucleus, dorsal part"
970,"Premamillary nucleus, ventral part"
971,"Paraventricular hypothalamic nucleus, descending division"
972,"Paraventricular hypothalamic nucleus, dorsal cap"
976,Ventromedial hypothalamic nucleus
977,"Ventromedial hypothalamic nucleus, shell region"
979,"Ventromedial hypothalamic nucleus, central part"
980,"Ventromedial hypothalamic nucleus, dorsomedial part"
981,"Ventromedial hypothalamic nucleus, ventrolateral part"
982,Posterior hypothalamic area
983,Posterior hypothalamic nucleus
984,"Posterior hypothalamic nucleus, dorsal part"
985,"Posterior hypothalamic nucleus, ventral part"
986,"Posterior hypothalamic area, dorsal part"
987,Submammillothalamic nucleus
988,Hypothalamic lateral zone
989,Lateral hypothalamic area
990,Juxtaparaventricular part of lateral hypothalamus
991,Magnocellular nucleus of the lateral hypothalamus
992,Ventrolateral hypothalamic nucleus 
993,Gemini hypothalamic nucleus
994,Peduncular lateral hypothalamus
995,Tuberal region of lateral hypothalamus
996,Perifornical part of lateral hypothalamus
997,Lateral preoptic area
999,Paraterete nucleus
1000,Parasubthalamic nucleus
1001,Retrochiasmatic area
1002,"Retrochiasmatic area, lateral part"
1003,"Retrochiasmatic area, medial part"
1004,Subthalamic nucleus
1005,Subincertal nucleus
1006,Medial tuberal nucleus
1007,Terete hypothalamic nucleus
1008,Perifornical nucleus
1009,Ventral linear nucleus of the thalamus
1010,Zona incerta
1011,"Zona incerta, caudal part"
1012,"Zona incerta, rostral part"
1013,"Zona incerta, dosal part"
1014,"Zona incerta, ventral part"
1015,DA13 dopamine cells
1016,Nucleus of the fields of Forel
1017,Median eminence
1018,Midbrain
1019,Prerubral field
1020,"Midbrain, sensory related"
1021,Superior colliculus
1022,"Superior colliculus, sensory related"
1023,Optic layer of the superior colliculus
1024,Superficial gray layer of the superior colliculus
1025,Zonal layer of superior colliculus
1026,Inferior colliculus
1027,Central nucleus of the inferior colliculus
1028,Dorsal cortex of the inferior colliculus
1029,External cortex of the inferior colliculus
1030,"External cortex of the inferior colliculus, layer 1"
1031,"External cortex of the inferior colliculus, layer 2"
1032,"External cortex of the inferior colliculus, layer 3"
1033,Commissural nucleus of the inferior colliculus
1034,Recess of the inferior colliculus
1035,Nucleus of the brachium of the inferior colliculus
1036,Sagulum nucleus
1037,Parabigeminal nucleus
1038,Microcellular tegmental nucleus
1039,Mesencephalic trigeminal nucleus
1040,Subcommissural organ 
1041,"Midbrain, motor related"
1042,Mesencephalic reticular formation
1043,prosomere 1 reticular formation
1044,Isthmic reticular formation
1045,Pararubral nucleus
1046,"Substantia nigra, reticular part"
1047,Ventral tegmental area
1048,Paranigral nucleus of the VTA
1049,Parainterfascicular nucleus of the VTA
1050,Parabranchial pigmented nucleus of the VTA
1051,"Ventral tegmental area, rostral part"
1052,Rostral interstitial nucleus of the medial longitudinal fasciculus
1053,DA11 dopamine cells
1054,Retroisthmic nucleus
1055,Retrorubral field
1060,"Superior colliculus, motor related"
1061,Deep gray layer of the superior colliculus
1062,Deep white layer of the superior colliculus
1063,Intermediate white layer of the superior colliculus
1064,Intermediate gray layer of the superior colliculus
1068,Periaqueductal gray
1069,Dorsomedial periaqueductal gray
1070,Lateral periaqueductal gray
1071,Pleoglial periaqueductal gray
1072,Dorsolateral periaqueductal gray
1073,Ventrolateral periaqueductal gray
1074,prosomere 1 periaqueductal gray
1075,Lithoid nucleus
1076,Precommissural nucleus
1077,Interstitial nucleus of Cajal
1078,"Interstitial nucleus of Cajal, shell region"
1079,Nucleus of Darkschewitsch
1080,Supraoculomotor cap
1081,Supraoculomotor periaqueductal gray
1082,Pretectal region
1083,Anterior pretectal nucleus
1084,"Anterior pretectal nucleus, dorsal part"
1085,"Anterior pretectal nucleus, ventral part"
1086,Medial pretectal area
1087,Retrocommissural nucleus
1088,Nucleus of the optic tract
1089,Nucleus of the posterior commissure
1090,Magnocellular nucleus of the posterior commissure
1091,Olivary pretectal nucleus
1092,Posterior pretectal nucleus
1093,Retroparafascicular nucleus
1094,Cuneiform nucleus
1095,Precuneiform area
1096,Red nucleus
1097,"Red nucleus, parvicellular part"
1098,"Red nucleus, magnocellular part"
1099,Medial accessory oculomotor nucleus
1100,Oculomotor nerve
1101,"Oculomotor nucleus, parvicellular part"
1102,Edinger-Westphal nucleus
1103,Pre-Edinger-Westphal nucleus
1104,Trochlear nucleus
1105,Trochlear nucleus shell region
1106,Paratrochlear nucleus
1107,Ventral tegmental nucleus
1108,Anterior tegmental nucleus
1109,Rhabdoid nucleus
1110,Lateral terminal nucleus of the accessory optic tract
1111,Dorsal terminal nucleus
1112,Medial terminal nucleus
1113,"Substantia nigra, lateral part"
1114,"Midbrain, behavioral state related"
1115,"Substantia nigra, compact part"
1116,"Substantia nigra, compact part, dorsal tier"
1117,"Substantia nigra, compact part, medial tier"
1118,Pedunculotegmental nucleus
1119,Subpeduncular tegmental nucleus
1120,Midbrain raphÈ nuclei
1121,Interfascicular nucleus
1122,Interpeduncular nucleus
1123,"Interpeduncular nucleus, rostral subnucleus"
1124,"Interpeduncular nucleus, lateral subnucleus"
1125,"Interpeduncular nucleus, caudal subnucleus"
1126,"Interpeduncular nucleus, dorsomedial subnucleus"
1127,"Interpeduncular nucleus, dorsolateral subnucleus"
1128,"Interpeduncular nucleus, intermediate subnucleus"
1129,"Interpeduncular nucleus, apical subnucleus"
1130,Rostral linear nucleus (midbrain)
1131,Caudal linear nucleus of the raphÈ
1132,Dorsal raphÈ nucleus
1133,"Dorsal raphÈ nucleus, caudal part"
1134,"Dorsal raphÈ nucleus, dorsal part"
1135,Dorsal raphÈ interfascicular part
1136,"Dorsal raphÈ nucleus, lateral part"
1137,"Dorsal raphÈ nucleus, ventral part"
1138,Posterodorsal raphÈ nucleus
1139,Hindbrain
1140,Pons
1141,"Pons, sensory related"
1142,Paralemniscal nucleus
1143,Dorsal nucleus of the lateral lemniscus
1145,Ventral nucleus of the lateral lemniscus
1146,Intermediate nucleus of the lateral lemniscus
1147,"Triangular nucleus, lateral lemniscus"
1148,Principal sensory trigeminal nucleus
1149,"Principal sensory trigeminal nucleus, dorsomedial part"
1150,"Principal sensory trigeminal nucleus, ventrolateral part"
1151,Parabrachial nucleus
1152,Kolliker-Fuse nucleus
1153,Lateral parabrachial nucleus
1154,"Lateral parabrachial nucleus, central part"
1155,"Lateral parabrachial nucleus, crescent part"
1156,"Lateral parabrachial nucleus, dorsal part"
1157,"Lateral parabrachial nucleus, external part"
1158,"Lateral parabrachial nucleus, superior part"
1159,"Lateral parabrachial nucleus, central part"
1160,"Lateral parabrachial nucleus, internal part"
1161,Medial parabrachial nucleus
1162,"Medial parabrachial nucleus, external part"
1165,Superior olivary complex
1166,"Superior olivary complex, periolivary nucleus"
1167,Lateroventral periolivary nucleus
1168,Medioventral periolivary nucleus
1169,Dorsal periolivary region
1170,Caudal periolivary nucleus
1171,Superior paraolivary nucleus
1172,Medial superior olive
1173,Lateral superior olive
1174,Nucleus of the central acoustic tract
1175,"Pons, motor related"
1176,A7 noradrenaline cells
1177,Barrington nucleus
1178,"Barrington nucleus, dorsal part"
1179,"Barrington nucleus, ventral part"
1180,Dorsal tegmental nucleus
1181,"Dorsal tegmental nucleus, central part"
1182,"Dorsal tegmental nucleus, pericentral part"
1183,Posterodorsal tegmental nucleus
1185,Central gray
1186,"Central gray, alpha part"
1187,"Central gray, beta part"
1188,"Central gray, gamma part"
1189,"Central gray, nucleus O"
1190,Pontine nuclei
1191,"Pontine reticular nucleus, caudal part"
1192,Dorsomedial tegmental area
1194,Sphenoid nucleus
1195,Supragenual nucleus
1196,Superior salivatory nucleus
1197,Supratrigeminal nucleus
1198,Reticulotegmental nucleus of the pons
1199,"Reticulotegmental nucleus of the pons, pericentral part"
1200,B9 serotonin cells
1201,Motor trigeminal nucleus
1202,"Motor trigeminal nucleus, anterior digastric part"
1203,"Motor trigeminal nucleus, temporalis part"
1204,Interfascicular trigeminar nucleus
1205,"Motor trigeminal nucleus, masseter part"
1206,Peritrigeminal zone
1207,"Motor trigeminal nucleus, medial pterygoid part"
1208,"Pons, behavioral state related"
1209,Nucleus raphÈ
1210,Paramedian raphÈ nucleus
1211,Median raphÈ nucleus
1212,Locus coeruleus
1213,Laterodorsal tegmental nucleus
1214,"Laterodorsal tegmental nucleus, dorsal part"
1215,"Laterodorsal tegmental nucleus, dorsal part, lateral division"
1216,"Laterodorsal tegmental nucleus, dorsal part, medial division"
1217,"Laterodorsal tegmental nucleus, ventral part"
1219,"Pontine reticular nucleus, oral part"
1220,"Pontine reticular nucleus, ventral part"
1221,Epirubrospinal nucleus
1222,Medial paralemniscial nucleus
1223,"Perilemniscal nucleus, ventral part"
1224,Pontine raphÈ nucleus
1227,Medulla
1228,"Medulla, sensory related"
1229,Area postrema
1230,Area subpostrema
1231,Cochlear nuclei
1232,Granule cell layer of the cochlear nuclei
1233,"Ventral cochlear nucleus, granule cell layer"
1234,Dorsal cochlear nucleus
1235,"Dorsal cochlear nucleus, molecular layer"
1236,"Dorsal cochlear nucleus, fusiform layer"
1237,"Dorsal cochlear nucleus, deep layer"
1238,Ventral cochlear nucleus
1239,"Ventral cochlear nucleus, anterior part"
1240,"Ventral cochlear nucleus, posterior part"
1241,"Ventral cochlear nucleus, posterior part, octopus cell area"
1242,Dorsal column nuclei
1243,Cuneate nucleus
1244,"Cuneate nucleus, dorsal part"
1245,"Cuneate nucleus, rotundus part"
1246,Gracile nucleus
1247,External cuneate nucleus
1248,Nucleus of the trapezoid body
1249,Trigeminal-solitary transition zone
1250,Solitary nucleus
1251,"Solitary nucleus, central part"
1252,"Solitary nucleus, commissural part"
1253,"Solitary nucleus, gelatinous part"
1254,"Solitary nucleus, intermediate part"
1255,"Solitary nucleus, lateral part"
1256,"Solitary nucleus, medial part"
1257,"Solitary nucleus, ventral part"
1258,"Solitary nucleus, ventrolateral part"
1259,"Solitary nucleus, dorsolateral part"
1260,"Solitary nucleus, dorsomedial part"
1261,"Solitary nucleus, interstitial part"
1262,"Soltary nucleus, rostrolateral part"
1263,"Spinal trigeminal nucleus, caudal part"
1264,"Spinal trigeminal nucleus, interpolar part"
1265,"Spinal trigeminal nucleus, oral part"
1269,Dorsomedial spinal trigeminal nucleus
1271,Paratrigeminal nucleus
1273,"Medulla, motor related"
1274,A5 noradrenaline cells
1275,Ad1 adrenaline cells
1276,Ad2 adrenaline cells
1277,Ad3 adrenaline cells
1278,"Subcoeruleus nucleus, alpha part"
1279,"Subcoeruleus nucleus, dorsal part"
1280,"Subcoeruleus nucleus, ventral part"
1281,Abducens nucleus
1282,Paraabducens nucleus
1283,"Abducens nucleus, retractor bulbi part"
1284,Facial nucleus
1285,Perifacial zone
1286,"Facial nucleus, lateral subnucleus"
1287,"Facial nucleus, dorsolateral subnucleus"
1288,"Facial nucleus, ventral intermediate subnucleus"
1289,"Facial nucleus, dorsal intermediate subnucleus"
1290,"Facial nucleus, dorsomedial subnucleus"
1291,"Facial nucleus, ventromedial subnucleus"
1292,"Facial motor nucleus, stylohyoid part"
1293,Nucleus of the origin of efferents of the vestibular nerve
1294,Ambiguus nucleus
1295,"Ambiguus nucleus, compact part"
1296,"Ambiguus nucleus, loose part"
1297,Retroambiguus nucleus
1300,Vagus nerve nucleus
1302,Gigantocellular reticular nucleus
1303,"Gigantocellular reticular nucleus, alpha part"
1304,"Gigantocellular reticular nucleus, ventral part"
1306,Inferior olivary nucleus
1307,"Inferior olive, subnucleus A of medial nucleus"
1308,"Inferior olive, subnucleus B of medial nucleus"
1309,"Inferior olive, subnucleus C of medial nucleus"
1310,"Inferior olive, dorsal nucleus"
1311,"Inferior olive, dorsomedial cell group"
1312,"Inferior olive, principal nucleus"
1313,"Inferior olive, ventrolateral protrusion"
1314,"Inferior olive, cap of Kooy of the medial nucleus"
1315,"Inferior olive, beta subnucleus of the medial nucleus"
1316,"Inferior olive, medial nucleus"
1317,Intermediate reticular nucleus
1318,"Intermediate reticular nucleus, alpha part"
1319,Inferior salivatory nucleus
1320,Linear nucleus of the hindbrain
1321,Lateral reticular nucleus
1323,"Lateral reticular nucleus, parvicellular part"
1325,Paramedian reticular nucleus
1326,"Medullary reticular nucleus, dorsal part"
1327,"Medullary reticular nucleus, ventral part"
1328,Parvicellular reticular nucleus
1329,"Parvicellular reticular nucleus, alpha part"
1330,Trigeminal transition zone
1331,Parasolitary nucleus
1332,Lateral paragigantocellular nucleus
1333,"Lateral paragigantocellular nucleus, external part"
1334,Dorsal paragigantocellular nucleus
1335,"Paragigantocellular reticular nucleus, lateral part"
1336,Caudoventrolateral reticular nucleus
1337,Rostroventrolateral reticular nucleus
1338,Rostral ventral respiratory group
1339,Botzinger complex
1340,Pre-Botzinger complex
1341,Perihypoglossal nuclei
1342,Intercalated nucleus
1343,Intermedius nucleus of the medulla
1344,Nucleus of Roller
1345,Prepositus nucleus
1347,Parapyramidal nucleus
1350,Vestibulocerebellar nucleus
1351,Lateral vestibular nucleus
1352,Medial vestibular nucleus
1353,"Medial vestibular nucleus, magnocellular part"
1354,"Medial vestibular nucleus, parvicellular part"
1355,"Medial vestibular nucleus, parvicellular part, dorsal"
1356,"Medial vestibular nucleus, parvicellular part, ventral"
1357,Spinal vestibular nucleus
1358,Superior vestibular nucleus
1359,F cell group of the vestibular complex
1360,Paracochlear glial substance
1361,Nucleus X
1362,Matrix region of the medulla
1363,Hypoglossal nucleus
1364,Central cervical nucleus of the spinal cord
1365,Nucleus Y of the vestibular complex
1367,"Medulla, behavioral state related"
1368,raphÈ magnus nucleus
1369,raphÈ interpositus nucleus
1370,raphÈ pallidus nucleus
1371,raphÈ obscurus nucleus
1372,fiber tracts
1373,basilar artery
1374,cranial nerves
1376,vomeronasal nerve
1377,olfactory nerve
1378,olfactory nerve layer
1379,"lateral olfactory tract, general"
1380,lateral olfactory tract
1381,dorsal lateral olfactory tract
1383,accessory olfactory tract
1384,"anterior commissure, anterior part"
1385,"anterior commissure, intrabulbar part"
1386,optic nerve
1388,brachium of the superior colliculus
1389,commissure of the superior colliculus
1390,optic chiasm
1391,optic tract
1392,supraoptic decussation
1394,oculomotor nerve
1395,medial longitudinal fasciculus
1396,posterior commissure
1397,trochlear nerve
1400,trigeminal nerve
1401,motor root of the trigeminal nerve
1402,sensory root of the trigeminal nerve
1403,mesencephalic trigeminal tract
1404,spinal trigeminal tract
1405,facial nerve
1406,ascending fibers of the facial nerve
1407,genu of the facial nerve
1408,vestibulocochlear nerve
1409,interstitial nucleus of the vestibular part of the 8th nerve
1411,vestibular root of the vestibulocochlear nerve
1412,cochlear nerve
1413,olivocochlear bundle
1414,trapezoid body
1416,dorsal acoustic stria
1417,lateral lemniscus
1418,commissure of the inferior colliculus
1419,brachium of the inferior colliculus
1420,glossopharyngeal nerve
1421,vagus nerve
1422,solitary tract
1424,hypoglossal nerve
1426,dorsal roots
1427,cervicothalamic tract
1432,dorsal column
1433,cuneate fascicle
1434,gracile fasciculus
1436,medial lemniscus
1437,spinothalamic tract
1443,vestibulospinal tract
1446,hypothalamohypophysial tract
1448,cerebellum related fiber tracts
1449,cerebellar commissure
1450,cerebellar peduncles
1451,superior cerebellar peduncle
1452,decussation of the superior cerebellar peduncle
1453,ventral spinocerebellar tract
1454,uncinate fasciculus of the cerebellum
1455,ventral spinocerebellar tract
1456,middle cerebellar peduncle
1457,transverse fibers of the pons
1458,inferior cerebellar peduncle
1459,dorsal spinocerebellar tract
1462,bulbocerebellar tract
1463,olivocerebellar tract
1466,cerebellar white matter
1467,middle cerebellar peduncle
1468,lateral forebrain bundle system
1469,corpus callosum
1470,forceps minor of the corpus callosum
1471,external capsule
1473,genu of the corpus callosum
1474,forceps major of the corpus callosum
1476,splenium of the corpus callosum
1477,corticospinal tract
1478,internal capsule
1479,cerebral peduncle
1484,pyramidal tract
1485,pyramidal decussation
1488,longitudinal fasciculus of the pons
1489,thalamus related
1490,External medullary lamina
1491,internal medullary lamina
1492,superior thalamic radiation
1495,extrapyramidal fiber systems
1496,cerebral nuclei related
1498,nigrostriatal bundle
1503,tectospinal tract
1505,dorsal tegmental decussation
1507,rubrospinal tract
1508,ventral tegmental decussation
1514,vestibulomesencephalic tract
1515,medial forebrain bundle system
1516,cerebrum related
1519,"anterior commissure, posterior limb"
1520,cingulum
1521,fornix system
1522,alveus of the hippocampus
1523,dorsal fornix
1524,fimbria of the hippocampus
1527,postcommissural fornix
1529,fornix
1530,hippocampal commissures
1531,dorsal hippocampal commissure
1532,ventral hippocampal commissure
1535,longitudinal association bundle
1536,stria terminalis
1537,commissural stria terminalis
1538,hypothalamus related
1539,medial forebrain bundle
1547,retromammillary decussation
1554,mammillary related
1555,principal mammillary tract
1556,mammilothalmic tract
1557,mammillotegmental tract
1558,mammillary peduncle
1561,epithalamus related
1562,stria medullaris
1563,fasciculus retroflexus
1564,habenular commissure
1569,ventricular systems
1570,lateral ventricle
1572,ependymal and subendymal layer/olfacotry ventricle
1573,choroid plexus
1575,interventricular foramen
1576,3rd Ventricle
1577,dorsal third ventricle
1578,aqueduct
1579,4th Ventricle
1580,superior medullary velum
1581,lateral recess of the 4th ventricle
1582,central canal
1583,grooves
1584,grooves of the cerebral cortex
1586,hippocampal fissure
1587,rhinal fissure
1589,grooves of the cerebellar cortex
1590,precentral fissure
1591,preculminate
1592,primary fissure
1593,post superior fissure
1594,prepyramidal fissure
1595,secondary fissure
1596,posterolateral fissure
1599,intercrural fissure
1600,ansoparamedian fissure
1603,parafloccular sulcus
1604,Interpeduncular fossa
1605,"Island of Calleja, major island"
